run,time_taken,iterations,verified,annotated_contract,status
1,362.22402334213257,10,False,,[]
2,316.8621709346771,10,False,,[]
3,308.93056178092957,10,False,,[]
4,399.39819073677063,10,False,,[]
5,350.49501490592957,10,False,,[]
6,358.0020475387573,10,False,,[]
7,343.7994327545166,10,False,,[]
8,336.47050428390503,10,False,,[]
9,262.267452955246,10,False,,[]
10,296.2835111618042,10,False,,[]
