run,time_taken,iterations,verified,annotated_contract,status
1,284.1421320438385,10,False,,[]
2,317.28781628608704,10,False,,[]
3,306.4639859199524,10,False,,[]
4,226.51183009147644,10,False,,[]
5,243.43371534347534,10,False,,[]
6,251.31042647361755,10,False,,[]
7,309.10786962509155,10,False,,[]
8,239.07862663269043,10,False,,[]
9,279.5042533874512,10,False,,[]
10,890.9397737979889,10,False,,[]
