run,time_taken,iterations,verified,annotated_contract,status
1,247.22773790359497,10,False,,[]
2,349.87351846694946,10,False,,[]
3,292.91916489601135,10,False,,[]
4,308.89959478378296,10,False,,[]
5,360.468213558197,10,False,,[]
6,247.0543394088745,10,False,,[]
7,262.431964635849,10,False,,[]
8,346.47043633461,10,False,,[]
9,343.97851395606995,10,False,,[]
10,261.10201716423035,10,False,,[]
