run,time_taken,iterations,verified,annotated_contract,status
1,177.8704390525818,10,False,,[]
2,27.584209442138672,1,False,,[]
3,229.21928143501282,10,False,,[]
4,230.5133593082428,10,False,,[]
5,55.155091524124146,2,False,,[]
6,236.96558165550232,10,False,,[]
7,238.68884587287903,10,False,,[]
8,216.34722924232483,10,False,,[]
9,305.0299777984619,6,False,,[]
10,245.66534948349,10,False,,[]
