run,time_taken,iterations,verified,annotated_contract,status
1,17.986083984375,0,False,,[]
2,27.36603093147278,0,False,,[]
3,13.67252230644226,0,False,,[]
4,16.925042390823364,0,False,,[]
5,16.769343376159668,0,False,,[]
6,53.64827227592468,0,False,,[]
7,33.98310971260071,0,False,,[]
8,23.83241605758667,0,False,,[]
9,20.94909644126892,0,False,,[]
10,59.504377603530884,0,False,,[]
