run,time_taken,iterations,verified,annotated_contract,status
1,197.58128118515015,10,False,,[]
2,182.39017033576965,10,False,,[]
3,191.24605512619019,10,False,,[]
4,174.7112419605255,10,False,,[]
5,121.75683093070984,6,False,,[]
6,186.05167293548584,10,False,,[]
7,42.61464858055115,2,False,,[]
8,185.80941367149353,10,False,,[]
9,191.6016685962677,10,False,,[]
10,164.62808561325073,10,False,,[]
