run,time_taken,iterations,verified,annotated_contract,status
1,248.93391823768616,10,False,,[]
2,235.01852011680603,10,False,,[]
3,289.94878816604614,10,False,,[]
4,262.2447416782379,10,False,,[]
5,296.64368772506714,10,False,,[]
6,193.51061463356018,10,False,,[]
7,263.3023748397827,10,False,,[]
8,284.8543117046356,10,False,,[]
9,230.03717041015625,10,False,,[]
10,238.42670488357544,10,False,,[]
