run,time_taken,iterations,verified,annotated_contract,status
1,215.04461288452148,10,False,,[]
2,243.20597004890442,10,False,,[]
3,174.74718379974365,10,False,,[]
4,217.02111649513245,10,False,,[]
5,208.0042486190796,10,False,,[]
6,145.61263871192932,10,False,,[]
7,207.17279052734375,10,False,,[]
8,265.08063793182373,10,False,,[]
9,222.9575002193451,10,False,,[]
10,186.179443359375,10,False,,[]
