run,time_taken,iterations,verified,annotated_contract,status
1,239.14695620536804,10,False,,[]
2,179.43504786491394,10,False,,[]
3,234.03539752960205,10,False,,[]
4,280.8369312286377,10,False,,[]
5,273.3991162776947,10,False,,[]
6,248.61980271339417,10,False,,[]
7,234.19412302970886,10,False,,[]
8,473.4119498729706,10,False,,[]
9,239.4474914073944,10,False,,[]
10,195.84468603134155,10,False,,[]
