run,time_taken,iterations,verified,annotated_contract,status
1,441.89101791381836,10,False,,[]
2,346.98926615715027,10,False,,[]
3,360.3653984069824,10,False,,[]
4,397.2255349159241,10,False,,[]
5,434.67055010795593,10,False,,[]
6,460.6620090007782,10,False,,[]
7,372.1826419830322,10,False,,[]
8,443.13252997398376,10,False,,[]
9,417.540874004364,10,False,,[]
10,350.9446671009064,10,False,,[]
