run,time_taken,iterations,verified,annotated_contract,status
1,363.71780157089233,10,False,,[]
2,238.3537609577179,10,False,,[]
3,239.68815088272095,10,False,,[]
4,181.75791573524475,10,False,,[]
5,258.910537481308,10,False,,[]
6,183.87020754814148,10,False,,[]
7,174.243643283844,10,False,,[]
8,229.34605646133423,10,False,,[]
9,247.04826617240906,10,False,,[]
10,270.81575632095337,10,False,,[]
