run,time_taken,iterations,verified,annotated_contract,status
1,253.72574877738953,10,False,,[]
2,30.134305715560913,0,False,,[]
3,227.89221501350403,10,False,,[]
4,230.91556596755981,10,False,,[]
5,329.0485665798187,10,False,,[]
6,225.4235644340515,10,False,,[]
7,249.34663343429565,10,False,,[]
8,266.42157006263733,10,False,,[]
9,279.41339778900146,10,False,,[]
10,214.46969366073608,10,False,,[]
