run,time_taken,iterations,verified,annotated_contract,status
1,16.775200366973877,0,False,,[]
2,21.872481107711792,0,False,,[]
3,19.422589778900146,0,False,,[]
4,13.80417275428772,0,False,,[]
5,15.692734956741333,0,False,,[]
6,20.02186894416809,0,False,,[]
7,35.741870164871216,0,False,,[]
8,16.404890060424805,0,False,,[]
9,18.609827995300293,0,False,,[]
10,15.729280233383179,0,False,,[]
