run,time_taken,iterations,verified,annotated_contract,status
1,172.72332119941711,10,False,,[]
2,176.5190715789795,10,False,,[]
3,165.56133699417114,10,False,,[]
4,178.376380443573,10,False,,[]
5,227.86608386039734,10,False,,[]
6,167.61793732643127,10,False,,[]
7,172.53087282180786,10,False,,[]
8,166.22459197044373,10,False,,[]
9,144.4631576538086,10,False,,[]
10,741.4765558242798,7,False,,[]
