run,time_taken,iterations,verified,annotated_contract,status
1,234.803560256958,10,False,,[]
2,206.35988020896912,9,False,,[]
3,180.930189371109,10,False,,[]
4,155.7277455329895,9,False,,[]
5,14.536087036132812,0,False,,[]
6,185.0951132774353,10,False,,[]
7,370.78773069381714,10,False,,[]
8,215.86737728118896,10,False,,[]
9,212.6868543624878,10,False,,[]
10,234.36709785461426,10,False,,[]
