run,time_taken,iterations,verified,annotated_contract,status
1,220.3121738433838,10,False,,[]
2,374.2862722873688,10,False,,[]
3,146.5102198123932,7,False,,[]
4,187.3188488483429,10,False,,[]
5,90.67905235290527,4,False,,[]
6,297.05102467536926,10,False,,[]
7,172.68275141716003,10,False,,[]
8,185.44134211540222,10,False,,[]
9,219.5481939315796,10,False,,[]
10,232.09233260154724,10,False,,[]
