run,time_taken,iterations,verified,annotated_contract,status
1,356.5840609073639,10,False,,[]
2,400.443470954895,10,False,,[]
3,373.3246479034424,10,False,,[]
4,432.4425621032715,10,False,,[]
5,447.9316453933716,10,False,,[]
6,360.3889284133911,10,False,,[]
7,455.6736629009247,10,False,,[]
8,419.4450306892395,10,False,,[]
9,400.02412128448486,10,False,,[]
10,413.63697385787964,10,False,,[]
