run,time_taken,iterations,verified,annotated_contract,status
1,211.0004906654358,10,False,,[]
2,223.33382034301758,10,False,,[]
3,151.16523146629333,10,False,,[]
4,193.02028250694275,10,False,,[]
5,218.62620210647583,10,False,,[]
6,208.36860179901123,10,False,,[]
7,229.46640610694885,10,False,,[]
8,208.93019723892212,10,False,,[]
9,206.3648042678833,10,False,,[]
10,201.15345287322998,10,False,,[]
