run,time_taken,iterations,verified,annotated_contract,status
1,285.2849416732788,10,False,,[]
2,242.1377444267273,10,False,,[]
3,268.1798598766327,10,False,,[]
4,283.28702449798584,10,False,,[]
5,271.37080097198486,10,False,,[]
6,190.06458616256714,10,False,,[]
7,155.70863461494446,10,False,,[]
8,223.90670800209045,10,False,,[]
9,219.22483658790588,10,False,,[]
10,187.0462462902069,10,False,,[]
