run,time_taken,iterations,verified,annotated_contract,status
1,208.80765342712402,10,False,,[]
2,209.1689257621765,10,False,,[]
3,204.94456338882446,10,False,,[]
4,237.51667022705078,10,False,,[]
5,221.95637798309326,10,False,,[]
6,211.86435437202454,10,False,,[]
7,221.70674657821655,10,False,,[]
8,244.07463455200195,10,False,,[]
9,228.96669602394104,10,False,,[]
10,215.67800283432007,10,False,,[]
