run,time_taken,iterations,verified,annotated_contract,status
1,280.127774477005,10,False,,[]
2,244.02845287322998,10,False,,[]
3,158.3903398513794,10,False,,[]
4,168.95103979110718,10,False,,[]
5,232.3678765296936,10,False,,[]
6,249.8988127708435,10,False,,[]
7,200.2339837551117,10,False,,[]
8,150.04958629608154,10,False,,[]
9,241.927020072937,10,False,,[]
10,251.23834490776062,10,False,,[]
