run,time_taken,iterations,verified,annotated_contract,status
1,235.53274512290955,10,False,,[]
2,225.9778492450714,10,False,,[]
3,190.75394344329834,10,False,,[]
4,195.41700100898743,10,False,,[]
5,152.13303136825562,10,False,,[]
6,170.7207489013672,10,False,,[]
7,215.42560863494873,10,False,,[]
8,252.44935178756714,10,False,,[]
9,251.27596235275269,10,False,,[]
10,183.1465721130371,10,False,,[]
