run,time_taken,iterations,verified,annotated_contract,status
1,15.034278631210327,0,False,,[]
2,211.6960792541504,10,False,,[]
3,184.09454679489136,10,False,,[]
4,183.578387260437,10,False,,[]
5,14.052450180053711,0,False,,[]
6,127.82075810432434,5,False,,[]
7,44.209418535232544,0,False,,[]
8,20.430044651031494,0,False,,[]
9,193.88576292991638,10,False,,[]
10,198.01638507843018,10,False,,[]
