run,time_taken,iterations,verified,annotated_contract,status
1,575.7656724452972,10,False,,[]
2,453.209495306015,10,False,,[]
3,480.1692464351654,10,False,,[]
4,420.0567903518677,10,False,,[]
5,487.3373374938965,10,False,,[]
6,429.0427792072296,10,False,,[]
7,488.61254811286926,10,False,,[]
8,393.9404547214508,10,False,,[]
9,503.51942348480225,10,False,,[]
10,713.136483669281,10,False,,[]
