run,time_taken,iterations,verified,annotated_contract,status
1,334.80901646614075,10,False,,[]
2,233.531836271286,10,False,,[]
3,183.85061693191528,10,False,,[]
4,284.2093071937561,10,False,,[]
5,322.09265899658203,10,False,,[]
6,316.2700560092926,10,False,,[]
7,226.84806752204895,10,False,,[]
8,285.89211106300354,10,False,,[]
9,273.981303691864,10,False,,[]
10,225.3612096309662,10,False,,[]
