run,time_taken,iterations,verified,annotated_contract,status
1,116.47570204734802,10,False,,[]
2,190.75483298301697,10,False,,[]
3,119.20073628425598,10,False,,[]
4,736.6183545589447,10,False,,[]
5,136.33703994750977,10,False,,[]
6,187.20628833770752,10,False,,[]
7,176.00017023086548,10,False,,[]
8,162.18877863883972,10,False,,[]
9,146.77774477005005,10,False,,[]
10,180.31595015525818,10,False,,[]
