run,time_taken,iterations,verified,annotated_contract,status
1,190.59618711471558,10,False,,[]
2,275.0131106376648,10,False,,[]
3,268.1865315437317,10,False,,[]
4,248.66095447540283,10,False,,[]
5,295.68061113357544,10,False,,[]
6,162.5385036468506,10,False,,[]
7,218.97867560386658,10,False,,[]
8,136.8909101486206,7,False,,[]
9,189.2380964756012,10,False,,[]
10,226.40419960021973,10,False,,[]
