run,time_taken,iterations,verified,annotated_contract,status
1,211.85234904289246,10,False,,[]
2,211.5858325958252,10,False,,[]
3,232.16348886489868,10,False,,[]
4,174.376886844635,10,False,,[]
5,180.57533478736877,10,False,,[]
6,229.12501645088196,10,False,,[]
7,237.66557455062866,10,False,,[]
8,265.4919214248657,10,False,,[]
9,223.64285326004028,10,False,,[]
10,220.5522973537445,10,False,,[]
