run,time_taken,iterations,verified,annotated_contract,status
1,248.49059677124023,10,False,,[]
2,225.0960693359375,10,False,,[]
3,235.4216856956482,10,False,,[]
4,225.5356056690216,10,False,,[]
5,280.3405201435089,10,False,,[]
6,239.45920252799988,10,False,,[]
7,232.5912642478943,10,False,,[]
8,197.76963686943054,10,False,,[]
9,222.46817827224731,10,False,,[]
10,215.31171941757202,10,False,,[]
