run,time_taken,iterations,verified,annotated_contract,status
1,392.5842750072479,10,False,,[]
2,429.1331379413605,10,False,,[]
3,335.01625990867615,7,False,,[]
4,515.9558937549591,10,False,,[]
5,524.6263959407806,10,False,,[]
6,406.2240970134735,10,False,,[]
7,436.79680609703064,10,False,,[]
8,578.3564667701721,10,False,,[]
9,464.48665165901184,10,False,,[]
10,340.33837962150574,10,False,,[]
