run,time_taken,iterations,verified,annotated_contract,status
1,124.9154965877533,10,False,,[]
2,116.69462370872498,10,False,,[]
3,135.5540816783905,10,False,,[]
4,147.88923025131226,10,False,,[]
5,139.84495639801025,10,False,,[]
6,151.63484048843384,10,False,,[]
7,134.64522075653076,10,False,,[]
8,133.295991897583,10,False,,[]
9,132.426917552948,10,False,,[]
10,152.99652552604675,10,False,,[]
