run,time_taken,iterations,verified,annotated_contract,status
1,294.1452832221985,10,False,,[]
2,249.69324827194214,7,False,,[]
3,424.6596667766571,10,False,,[]
4,365.1752223968506,10,False,,[]
5,276.45356798171997,10,False,,[]
6,451.33162117004395,10,False,,[]
7,253.20413398742676,10,False,,[]
8,960.0045435428619,10,False,,[]
9,172.52223443984985,5,False,,[]
10,243.16518688201904,10,False,,[]
