run,time_taken,iterations,verified,annotated_contract,status
1,295.57805943489075,10,False,,[]
2,301.23715019226074,10,False,,[]
3,249.14838886260986,10,False,,[]
4,348.33597230911255,10,False,,[]
5,280.0801112651825,10,False,,[]
6,292.2307958602905,10,False,,[]
7,223.8546826839447,10,False,,[]
8,368.9878799915314,10,False,,[]
9,104.86178541183472,1,False,,[]
10,266.82183837890625,10,False,,[]
