run,time_taken,iterations,verified,annotated_contract,status
1,11.415079593658447,0,False,,[]
2,209.03923273086548,10,False,,[]
3,211.25325679779053,10,False,,[]
4,230.08467841148376,10,False,,[]
5,170.39360761642456,10,False,,[]
6,10.99139928817749,0,False,,[]
7,206.2491409778595,10,False,,[]
8,197.36142873764038,10,False,,[]
9,233.90068459510803,10,False,,[]
10,146.156822681427,10,False,,[]
