run,time_taken,iterations,verified,annotated_contract,status
1,219.75511240959167,10,False,,[]
2,174.80257630348206,10,False,,[]
3,331.25916862487793,10,False,,[]
4,192.39127349853516,10,False,,[]
5,222.77744436264038,10,False,,[]
6,188.73805022239685,10,False,,[]
7,222.74027276039124,10,False,,[]
8,198.02289724349976,10,False,,[]
9,197.5526580810547,10,False,,[]
10,193.8321089744568,10,False,,[]
