run,time_taken,iterations,verified,annotated_contract,status
1,148.80992031097412,10,False,,[]
2,167.91643476486206,10,False,,[]
3,186.15889525413513,10,False,,[]
4,178.4487316608429,10,False,,[]
5,178.61459922790527,10,False,,[]
6,171.50924444198608,10,False,,[]
7,164.0734784603119,10,False,,[]
8,154.36547207832336,10,False,,[]
9,161.78053760528564,10,False,,[]
10,145.3848819732666,10,False,,[]
