run,time_taken,iterations,verified,annotated_contract,status
1,266.0652165412903,10,False,,[]
2,353.88475227355957,10,False,,[]
3,256.5875415802002,10,False,,[]
4,247.55624222755432,10,False,,[]
5,221.33258199691772,10,False,,[]
6,220.4167788028717,10,False,,[]
7,283.29604983329773,10,False,,[]
8,275.4128451347351,10,False,,[]
9,237.9788236618042,10,False,,[]
10,264.20359802246094,10,False,,[]
