run,time_taken,iterations,verified,annotated_contract,status
1,18.33100128173828,0,False,,[]
2,21.02158808708191,0,False,,[]
3,16.71171522140503,0,False,,[]
4,18.96058988571167,0,False,,[]
5,13.97133493423462,0,False,,[]
6,17.967402458190918,0,False,,[]
7,18.656773805618286,0,False,,[]
8,19.165952444076538,0,False,,[]
9,13.909969806671143,0,False,,[]
10,16.614384412765503,0,False,,[]
