run,time_taken,iterations,verified,annotated_contract,status
1,379.33657717704773,10,False,,[]
2,364.3767533302307,10,False,,[]
3,383.34742975234985,10,False,,[]
4,498.8162040710449,10,False,,[]
5,457.009006023407,10,False,,[]
6,422.6311013698578,10,False,,[]
7,565.7760119438171,10,False,,[]
8,386.3530783653259,10,False,,[]
9,423.4116702079773,10,False,,[]
10,408.6530828475952,10,False,,[]
