run,time_taken,iterations,verified,annotated_contract,status
1,260.7179157733917,10,False,,[]
2,361.99234652519226,10,False,,[]
3,251.98544907569885,10,False,,[]
4,286.1227743625641,10,False,,[]
5,276.2453577518463,10,False,,[]
6,237.81223106384277,10,False,,[]
7,267.6559159755707,10,False,,[]
8,291.78760623931885,10,False,,[]
9,224.60031175613403,10,False,,[]
10,284.0277144908905,10,False,,[]
