run,time_taken,iterations,verified,annotated_contract,status
1,253.7751748561859,10,False,,[]
2,315.7857539653778,10,False,,[]
3,218.27725553512573,10,False,,[]
4,240.5226812362671,10,False,,[]
5,250.70977401733398,10,False,,[]
6,228.56056213378906,10,False,,[]
7,195.11673712730408,10,False,,[]
8,273.92662835121155,10,False,,[]
9,252.70190048217773,10,False,,[]
10,243.18019700050354,10,False,,[]
