run,time_taken,iterations,verified,annotated_contract,status
1,248.8615369796753,10,False,,[]
2,272.69351267814636,10,False,,[]
3,191.0577688217163,10,False,,[]
4,261.1856429576874,10,False,,[]
5,210.4603488445282,10,False,,[]
6,201.78296375274658,10,False,,[]
7,155.18965673446655,7,False,,[]
8,196.39504027366638,10,False,,[]
9,165.69693756103516,10,False,,[]
10,271.46302485466003,10,False,,[]
