run,time_taken,iterations,verified,annotated_contract,status
1,262.73643684387207,10,False,,[]
2,250.42080950737,10,False,,[]
3,259.87012672424316,10,False,,[]
4,259.202632188797,10,False,,[]
5,243.81259655952454,10,False,,[]
6,178.1132116317749,10,False,,[]
7,246.9879801273346,10,False,,[]
8,234.80046725273132,10,False,,[]
9,245.47156810760498,10,False,,[]
10,185.92511343955994,8,False,,[]
