run,time_taken,iterations,verified,annotated_contract,status
1,269.86826252937317,10,False,,[]
2,263.3468773365021,10,False,,[]
3,222.57303142547607,10,False,,[]
4,289.11794996261597,10,False,,[]
5,288.41605377197266,10,False,,[]
6,256.7678179740906,10,False,,[]
7,257.61956667900085,10,False,,[]
8,253.49301171302795,10,False,,[]
9,210.5345139503479,10,False,,[]
10,165.3921115398407,10,False,,[]
