run,time_taken,iterations,verified,annotated_contract,status
1,18.468207836151123,0,False,,[]
2,17.106873512268066,0,False,,[]
3,14.518087148666382,0,False,,[]
4,17.521520853042603,0,False,,[]
5,15.438828468322754,0,False,,[]
6,28.997801065444946,0,False,,[]
7,17.121824741363525,0,False,,[]
8,25.733239889144897,0,False,,[]
9,17.614341974258423,0,False,,[]
10,34.02218580245972,0,False,,[]
