run,time_taken,iterations,verified,annotated_contract,status
1,411.0977506637573,10,False,,[]
2,248.68950963020325,10,False,,[]
3,255.55376958847046,10,False,,[]
4,212.8776364326477,10,False,,[]
5,315.4066779613495,10,False,,[]
6,274.562130689621,10,False,,[]
7,227.22160410881042,10,False,,[]
8,228.38999772071838,10,False,,[]
9,243.85851192474365,10,False,,[]
10,270.6354467868805,10,False,,[]
