run,time_taken,iterations,verified,annotated_contract,status
1,215.47154879570007,10,False,,[]
2,246.3793842792511,10,False,,[]
3,216.01095938682556,10,False,,[]
4,207.72711849212646,10,False,,[]
5,293.25269842147827,10,False,,[]
6,126.38605380058289,10,False,,[]
7,228.12850975990295,10,False,,[]
8,231.65630054473877,10,False,,[]
9,152.4031000137329,10,False,,[]
10,219.87046909332275,10,False,,[]
