run,time_taken,iterations,verified,annotated_contract,status
1,270.79224038124084,10,False,,[]
2,238.23634934425354,10,False,,[]
3,217.71195006370544,10,False,,[]
4,168.19081854820251,10,False,,[]
5,226.16270208358765,10,False,,[]
6,216.04002904891968,10,False,,[]
7,230.03198313713074,10,False,,[]
8,39.704723834991455,1,False,,[]
9,230.62098217010498,10,False,,[]
10,273.4755620956421,10,False,,[]
