run,time_taken,iterations,verified,annotated_contract,status
1,288.5807104110718,10,False,,[]
2,296.154137134552,10,False,,[]
3,277.7715175151825,10,False,,[]
4,285.5935232639313,10,False,,[]
5,281.0568301677704,10,False,,[]
6,301.04073548316956,10,False,,[]
7,332.7464506626129,10,False,,[]
8,262.1355834007263,10,False,,[]
9,274.7538459300995,10,False,,[]
10,256.11285495758057,10,False,,[]
