model,erc_type,learning_rate,epochs,batch_size,avg_iterations_erc721_none,avg_time_erc721_none,verification_rate_erc721_none,overall_verification_rate,overall_avg_time,overall_avg_iterations
erc-721-001-3-16,erc721,0.001,3,16,6.9,235.36561572551727,0.4,0.4,235.36561572551727,6.9
erc-721-001-5-16,erc721,0.001,5,16,4.4,160.12856104373932,0.7,0.7,160.12856104373932,4.4
erc-721-001-7-16,erc721,0.001,7,16,6.4,165.25586054325103,0.5,0.5,165.25586054325103,6.4
erc-721-005-3-16,erc721,0.005,3,16,6.1,117.43644530773163,0.6,0.6,117.43644530773163,6.1
erc-721-005-5-16,erc721,0.005,5,16,8.5,226.64530229568481,0.2,0.2,226.64530229568481,8.5
erc-721-005-7-16,erc721,0.005,7,16,10.0,169.1622358560562,0.0,0.0,169.1622358560562,10.0
erc-721-010-3-16,erc721,0.01,3,16,9.8,179.71052720546723,0.1,0.1,179.71052720546723,9.8
erc-721-010-5-16,erc721,0.01,5,16,9.3,175.45168828964233,0.1,0.1,175.45168828964233,9.3
erc-721-010-7-16,erc721,0.01,7,16,10.0,179.81627030372618,0.0,0.0,179.81627030372618,10.0
