run,time_taken,iterations,verified,annotated_contract,status
1,164.1112449169159,10,False,,[]
2,227.28826999664307,10,False,,[]
3,211.2807502746582,10,False,,[]
4,154.83538699150085,10,False,,[]
5,289.6459963321686,10,False,,[]
6,160.31134700775146,10,False,,[]
7,222.55090951919556,10,False,,[]
8,213.68939971923828,10,False,,[]
9,176.92388129234314,10,False,,[]
10,223.72407841682434,10,False,,[]
