run,time_taken,iterations,verified,annotated_contract,status
1,162.14323902130127,10,False,,[]
2,175.53585290908813,10,False,,[]
3,176.99125266075134,10,False,,[]
4,215.47656416893005,10,False,,[]
5,178.58793258666992,10,False,,[]
6,187.6655457019806,10,False,,[]
7,210.59289622306824,10,False,,[]
8,158.79894852638245,10,False,,[]
9,184.6947636604309,10,False,,[]
10,192.3115074634552,10,False,,[]
