run,time_taken,iterations,verified,annotated_contract,status
1,372.06885862350464,10,False,,[]
2,281.11219692230225,10,False,,[]
3,382.3361611366272,10,False,,[]
4,323.5525391101837,10,False,,[]
5,299.74614095687866,10,False,,[]
6,315.18274879455566,10,False,,[]
7,334.20017981529236,10,False,,[]
8,379.15012383461,10,False,,[]
9,274.4320647716522,10,False,,[]
10,311.3725001811981,10,False,,[]
