run,time_taken,iterations,verified,annotated_contract,status
1,204.52867817878723,10,False,,[]
2,201.76995754241943,10,False,,[]
3,184.4029562473297,10,False,,[]
4,213.15944838523865,10,False,,[]
5,174.77983355522156,10,False,,[]
6,206.95572805404663,10,False,,[]
7,173.87709426879883,10,False,,[]
8,164.942391872406,10,False,,[]
9,151.97242951393127,10,False,,[]
10,202.31103587150574,10,False,,[]
