run,time_taken,iterations,verified,annotated_contract,status
1,130.95915508270264,0,False,,[]
2,93.22909212112427,3,False,,[]
3,249.87682676315308,10,False,,[]
4,267.1700208187103,10,False,,[]
5,218.0669083595276,10,False,,[]
6,246.34221768379211,10,False,,[]
7,244.04163479804993,10,False,,[]
8,211.48270893096924,10,False,,[]
9,266.92827892303467,10,False,,[]
10,253.72335696220398,10,False,,[]
