run,time_taken,iterations,verified,annotated_contract,status
1,199.7884066104889,10,False,,[]
2,179.4263219833374,10,False,,[]
3,163.64347195625305,10,False,,[]
4,201.00360012054443,10,False,,[]
5,159.98927307128906,10,False,,[]
6,150.04089045524597,10,False,,[]
7,177.58384585380554,10,False,,[]
8,203.24303197860718,10,False,,[]
9,207.79850363731384,10,False,,[]
10,213.21213555335999,10,False,,[]
