run,time_taken,iterations,verified,annotated_contract,status
1,245.70786499977112,10,False,,[]
2,253.9134578704834,10,False,,[]
3,184.02587628364563,10,False,,[]
4,266.085488319397,10,False,,[]
5,249.32775354385376,10,False,,[]
6,183.2550549507141,10,False,,[]
7,241.60134649276733,10,False,,[]
8,247.0740578174591,10,False,,[]
9,285.19701170921326,10,False,,[]
10,242.0086522102356,10,False,,[]
