run,time_taken,iterations,verified,annotated_contract,status
1,223.61285877227783,10,False,,[]
2,59.87205910682678,2,False,,[]
3,210.11509466171265,10,False,,[]
4,182.07208847999573,10,False,,[]
5,233.12030243873596,10,False,,[]
6,458.80936431884766,10,False,,[]
7,178.73753762245178,10,False,,[]
8,221.61632323265076,10,False,,[]
9,248.33591485023499,10,False,,[]
10,237.3336226940155,10,False,,[]
