run,time_taken,iterations,verified,annotated_contract,status
1,196.57918643951416,10,False,,[]
2,236.6991651058197,10,False,,[]
3,175.68500757217407,10,False,,[]
4,249.11998414993286,10,False,,[]
5,189.022114276886,10,False,,[]
6,255.2963683605194,10,False,,[]
7,255.7926425933838,10,False,,[]
8,232.00759768486023,10,False,,[]
9,235.75499844551086,10,False,,[]
10,241.76084923744202,10,False,,[]
