model,erc_type,learning_rate,epochs,batch_size,avg_iterations_erc1155_none,avg_time_erc1155_none,verification_rate_erc1155_none,overall_verification_rate,overall_avg_time,overall_avg_iterations
4o-mini,base,0.0,0,0,10.0,319.9581855297089,0.0,0.0,319.9581855297089,10.0
erc-20-001-3-16,erc20,0.001,3,16,7.5,254.60873577594757,0.2,0.2,254.60873577594757,7.5
erc-20-001-5-16,erc20,0.001,5,16,9.0,272.44744420051575,0.2,0.2,272.44744420051575,9.0
erc-20-005-3-16,erc20,0.005,3,16,9.5,240.6758842945099,0.0,0.0,240.6758842945099,9.5
erc-20-010-3-16,erc20,0.01,3,16,10.0,305.50177862644193,0.0,0.0,305.50177862644193,10.0
