run,time_taken,iterations,verified,annotated_contract,status
1,19.488369703292847,0,False,,[]
2,15.34235692024231,0,False,,[]
3,17.657127380371094,0,False,,[]
4,15.455712080001831,0,False,,[]
5,17.574950456619263,0,False,,[]
6,16.729602336883545,0,False,,[]
7,17.122645378112793,0,False,,[]
8,14.32533311843872,0,False,,[]
9,17.92158269882202,0,False,,[]
10,17.345030546188354,0,False,,[]
