run,time_taken,iterations,verified,annotated_contract,status
1,140.87238717079163,10,False,,[]
2,171.76442003250122,10,False,,[]
3,180.78213715553284,10,False,,[]
4,144.34491753578186,10,False,,[]
5,154.37001013755798,10,False,,[]
6,162.22175312042236,10,False,,[]
7,120.70128464698792,10,False,,[]
8,142.36535835266113,10,False,,[]
9,143.36467862129211,10,False,,[]
10,152.2752513885498,10,False,,[]
