run,time_taken,iterations,verified,annotated_contract,status
1,484.95887541770935,10,False,,[]
2,383.13052320480347,10,False,,[]
3,480.660653591156,10,False,,[]
4,509.41778016090393,10,False,,[]
5,469.39925956726074,10,False,,[]
6,499.6958100795746,10,False,,[]
7,551.195639371872,10,False,,[]
8,484.41393280029297,10,False,,[]
9,451.89861845970154,10,False,,[]
10,503.0791015625,10,False,,[]
