run,time_taken,iterations,verified,annotated_contract,status
1,245.8293218612671,10,False,,[]
2,166.04813623428345,10,False,,[]
3,246.10390424728394,10,False,,[]
4,283.5379071235657,10,False,,[]
5,179.33199262619019,10,False,,[]
6,251.76102113723755,10,False,,[]
7,194.67629098892212,10,False,,[]
8,226.63132786750793,10,False,,[]
9,265.2177617549896,10,False,,[]
10,229.99678540229797,10,False,,[]
