run,time_taken,iterations,verified,annotated_contract,status
1,111.7765531539917,10,False,,[]
2,149.38591313362122,10,False,,[]
3,132.1041042804718,10,False,,[]
4,134.28307819366455,10,False,,[]
5,142.4262673854828,10,False,,[]
6,164.93486142158508,10,False,,[]
7,151.34216594696045,10,False,,[]
8,185.75995874404907,10,False,,[]
9,56.85787773132324,4,False,,[]
10,149.07055282592773,10,False,,[]
