run,time_taken,iterations,verified,annotated_contract,status
1,361.7445549964905,10,False,,[]
2,259.1518244743347,10,False,,[]
3,317.6665985584259,10,False,,[]
4,276.8129816055298,10,False,,[]
5,295.1597969532013,10,False,,[]
6,265.24807834625244,10,False,,[]
7,293.60215067863464,10,False,,[]
8,223.09052968025208,10,False,,[]
9,291.4650375843048,10,False,,[]
10,261.8896703720093,10,False,,[]
