run,time_taken,iterations,verified,annotated_contract,status
1,217.28980493545532,10,False,,[]
2,223.3085958957672,10,False,,[]
3,160.60817074775696,10,False,,[]
4,240.46677684783936,10,False,,[]
5,227.3674876689911,10,False,,[]
6,214.700847864151,10,False,,[]
7,183.59993982315063,10,False,,[]
8,236.34749937057495,10,False,,[]
9,224.05000758171082,10,False,,[]
10,205.29212832450867,10,False,,[]
