run,time_taken,iterations,verified,annotated_contract,status
1,207.29151248931885,10,False,,[]
2,210.15567564964294,10,False,,[]
3,208.60640239715576,10,False,,[]
4,196.44279551506042,10,False,,[]
5,163.18706965446472,10,False,,[]
6,161.44855904579163,10,False,,[]
7,197.06162476539612,10,False,,[]
8,203.83110117912292,10,False,,[]
9,192.62704968452454,10,False,,[]
10,203.7873499393463,10,False,,[]
