run,time_taken,iterations,verified,annotated_contract,status
1,260.8765859603882,10,False,,[]
2,220.48261857032776,10,False,,[]
3,212.6222906112671,10,False,,[]
4,217.54239773750305,10,False,,[]
5,316.7704508304596,10,False,,[]
6,226.6213879585266,10,False,,[]
7,205.50824999809265,10,False,,[]
8,265.6217694282532,10,False,,[]
9,237.3118953704834,10,False,,[]
10,258.4789185523987,10,False,,[]
