run,time_taken,iterations,verified,annotated_contract,status
1,217.5556366443634,10,False,,[]
2,294.1393082141876,10,False,,[]
3,200.6535201072693,10,False,,[]
4,371.72414541244507,10,False,,[]
5,258.9799463748932,10,False,,[]
6,300.82680678367615,10,False,,[]
7,205.3389265537262,10,False,,[]
8,362.4000654220581,10,False,,[]
9,247.92390775680542,10,False,,[]
10,275.3667721748352,10,False,,[]
