run,time_taken,iterations,verified,annotated_contract,status
1,196.10311794281006,10,False,,[]
2,261.2366144657135,10,False,,[]
3,191.95238399505615,10,False,,[]
4,262.27237010002136,10,False,,[]
5,264.75633430480957,10,False,,[]
6,317.4649212360382,10,False,,[]
7,238.89657497406006,10,False,,[]
8,253.50568747520447,10,False,,[]
9,271.2993929386139,10,False,,[]
10,249.52276372909546,10,False,,[]
