run,time_taken,iterations,verified,annotated_contract,status
1,161.71288776397705,10,False,,[]
2,195.1224045753479,10,False,,[]
3,160.46861696243286,10,False,,[]
4,170.8483555316925,10,False,,[]
5,253.19429683685303,10,False,,[]
6,189.74703288078308,10,False,,[]
7,305.4367468357086,10,False,,[]
8,155.07669520378113,10,False,,[]
9,196.27610540390015,10,False,,[]
10,214.40011763572693,10,False,,[]
