run,time_taken,iterations,verified,annotated_contract,status
1,176.61602139472961,10,False,,[]
2,249.31929731369019,10,False,,[]
3,183.6476423740387,10,False,,[]
4,223.52214860916138,10,False,,[]
5,240.43754029273987,10,False,,[]
6,241.1394293308258,10,False,,[]
7,229.76289796829224,10,False,,[]
8,242.8957233428955,10,False,,[]
9,254.0728657245636,10,False,,[]
10,203.47937035560608,10,False,,[]
