run,time_taken,iterations,verified,annotated_contract,status
1,175.431720495224,10,False,,[]
2,207.40817832946777,10,False,,[]
3,198.55376148223877,10,False,,[]
4,227.4406704902649,10,False,,[]
5,211.51252150535583,10,False,,[]
6,201.5368230342865,10,False,,[]
7,163.59800124168396,10,False,,[]
8,146.34983229637146,10,False,,[]
9,165.48540830612183,10,False,,[]
10,211.49628400802612,10,False,,[]
