run,time_taken,iterations,verified,annotated_contract,status
1,253.01689314842224,10,False,,[]
2,229.90602445602417,10,False,,[]
3,227.289484500885,10,False,,[]
4,173.27726697921753,10,False,,[]
5,178.9010627269745,10,False,,[]
6,225.9461305141449,10,False,,[]
7,182.12498307228088,10,False,,[]
8,177.3678171634674,10,False,,[]
9,229.5193316936493,10,False,,[]
10,224.78359055519104,10,False,,[]
