run,time_taken,iterations,verified,annotated_contract,status
1,387.28163957595825,10,False,,[]
2,390.2628571987152,10,False,,[]
3,409.85685420036316,10,False,,[]
4,375.85485553741455,10,False,,[]
5,368.0813090801239,10,False,,[]
6,416.65519428253174,10,False,,[]
7,529.1225745677948,10,False,,[]
8,356.572283744812,10,False,,[]
9,480.60245728492737,10,False,,[]
10,418.07030272483826,10,False,,[]
