run,time_taken,iterations,verified,annotated_contract,status
1,27.9808611869812,0,False,,[]
2,21.675222635269165,0,False,,[]
3,19.402751922607422,0,False,,[]
4,26.12504005432129,0,False,,[]
5,23.920459985733032,0,False,,[]
6,22.989272832870483,0,False,,[]
7,35.46393013000488,0,False,,[]
8,24.91179132461548,0,False,,[]
9,20.47344994544983,0,False,,[]
10,26.253681898117065,0,False,,[]
