run,time_taken,iterations,verified,annotated_contract,status
1,247.59750604629517,10,False,,[]
2,220.05456924438477,10,False,,[]
3,330.4147186279297,10,False,,[]
4,209.18027877807617,10,False,,[]
5,186.4031059741974,10,False,,[]
6,881.4561343193054,10,False,,[]
7,291.95791387557983,10,False,,[]
8,347.38145327568054,10,False,,[]
9,314.2879717350006,10,False,,[]
10,388.69303131103516,10,False,,[]
