run,time_taken,iterations,verified,annotated_contract,status
1,305.24686217308044,10,False,,[]
2,230.92184615135193,10,False,,[]
3,217.6865200996399,10,False,,[]
4,164.44865441322327,10,False,,[]
5,207.23831272125244,10,False,,[]
6,180.89024090766907,10,False,,[]
7,164.28633880615234,10,False,,[]
8,147.98762941360474,10,False,,[]
9,236.7502567768097,10,False,,[]
10,222.91746616363525,10,False,,[]
