run,time_taken,iterations,verified,annotated_contract,status
1,373.8376076221466,10,False,,[]
2,339.51533460617065,10,False,,[]
3,357.80683732032776,10,False,,[]
4,477.29255652427673,10,False,,[]
5,313.5851173400879,10,False,,[]
6,312.10049414634705,10,False,,[]
7,308.1726393699646,10,False,,[]
8,352.8537390232086,10,False,,[]
9,279.48415970802307,10,False,,[]
10,326.65363669395447,10,False,,[]
