run,time_taken,iterations,verified,annotated_contract,status
1,17.948298692703247,0,False,,[]
2,16.923720598220825,0,False,,[]
3,14.681893110275269,0,False,,[]
4,14.486574411392212,0,False,,[]
5,15.087989091873169,0,False,,[]
6,14.430360317230225,0,False,,[]
7,17.377423524856567,0,False,,[]
8,16.906734704971313,0,False,,[]
9,15.455427885055542,0,False,,[]
10,19.132500886917114,0,False,,[]
