run,time_taken,iterations,verified,annotated_contract,status
1,151.70525240898132,10,False,,[]
2,138.01661443710327,10,False,,[]
3,314.6823306083679,10,False,,[]
4,166.70124769210815,10,False,,[]
5,196.53547883033752,10,False,,[]
6,159.023175239563,10,False,,[]
7,280.3977689743042,10,False,,[]
8,181.97754430770874,10,False,,[]
9,181.29158329963684,10,False,,[]
10,161.2866654396057,10,False,,[]
