run,time_taken,iterations,verified,annotated_contract,status
1,20.770572185516357,0,False,,[]
2,19.674059629440308,0,False,,[]
3,17.649213790893555,0,False,,[]
4,18.993438720703125,0,False,,[]
5,23.996301651000977,0,False,,[]
6,16.64816188812256,0,False,,[]
7,25.999024391174316,0,False,,[]
8,23.442450284957886,0,False,,[]
9,20.4601309299469,0,False,,[]
10,17.427290678024292,0,False,,[]
