model,erc_type,learning_rate,epochs,batch_size,avg_iterations_erc1155_none,avg_time_erc1155_none,verification_rate_erc1155_none,overall_verification_rate,overall_avg_time,overall_avg_iterations
4o-mini,base,0.0,0,0,32.1,911.6306059837341,0.0,0.0,911.6306059837341,32.1
erc-1155-001-5-16,erc1155,0.001,5,16,14.8,382.37889258861543,0.5,0.5,382.37889258861543,14.8
erc-20-001-5-16,erc20,0.001,5,16,19.9,406.62920727729795,0.1,0.1,406.62920727729795,19.9
erc-20-1155-001-5-16,erc20,0.1155,1,5,9.9,294.99449505805967,0.8,0.8,294.99449505805967,9.9
erc-20-721-001-5-16,erc20,0.721,1,5,14.8,382.37889258861543,0.5,0.5,382.37889258861543,14.8
erc-20-721-1155-001-5-16,erc20,0.721,1155,1,8.7,191.4156583070755,0.9,0.9,191.4156583070755,8.7
erc-721-001-5-16,erc721,0.001,5,16,13.9,308.83541173934935,0.2,0.2,308.83541173934935,13.9
erc-721-1155-001-5-16,erc721,0.1155,1,5,19.6,370.39847524166106,0.4,0.4,370.39847524166106,19.6
