run,time_taken,iterations,verified,annotated_contract,status
1,239.66823482513428,10,False,,[]
2,72.33028626441956,3,False,,[]
3,243.24726057052612,10,False,,[]
4,211.7511384487152,10,False,,[]
5,175.14481854438782,10,False,,[]
6,178.5349395275116,10,False,,[]
7,227.78648400306702,10,False,,[]
8,179.62839698791504,10,False,,[]
9,236.7837564945221,10,False,,[]
10,232.2080101966858,10,False,,[]
