run,time_taken,iterations,verified,annotated_contract,status
1,467.52510118484497,10,False,,[]
2,396.2789304256439,10,False,,[]
3,377.88575053215027,10,False,,[]
4,390.1985981464386,10,False,,[]
5,414.8193793296814,10,False,,[]
6,381.5505704879761,10,False,,[]
7,311.87260484695435,10,False,,[]
8,407.0081362724304,10,False,,[]
9,343.56569147109985,10,False,,[]
10,398.762188911438,10,False,,[]
