model,erc_type,learning_rate,epochs,batch_size,avg_iterations_erc20_none,avg_time_erc20_none,verification_rate_erc20_none,overall_verification_rate,overall_avg_time,overall_avg_iterations
4o-mini,base,0.0,0,0,8.3,252.36069259643554,0.2,0.2,252.36069259643554,8.3
erc-1155-001-3-16,erc1155,0.001,3,16,9.2,287.002427148819,0.1,0.1,287.002427148819,9.2
erc-1155-001-5-16,erc1155,0.001,5,16,8.1,232.08011059761049,0.2,0.2,232.08011059761049,8.1
erc-1155-001-7-16,erc1155,0.001,7,16,5.3,177.36551554203032,0.7,0.7,177.36551554203032,5.3
erc-1155-005-3-16,erc1155,0.005,3,16,6.2,209.79603850841522,0.5,0.5,209.79603850841522,6.2
erc-1155-005-5-16,erc1155,0.005,5,16,7.5,227.50828404426574,0.4,0.4,227.50828404426574,7.5
erc-1155-005-7-16,erc1155,0.005,7,16,7.3,200.01856212615968,0.2,0.2,200.01856212615968,7.3
erc-1155-010-3-16,erc1155,0.01,3,16,6.5,220.58156795501708,0.6,0.6,220.58156795501708,6.5
erc-1155-010-5-16,erc1155,0.01,5,16,6.3,209.64252562522887,0.6,0.6,209.64252562522887,6.3
