run,time_taken,iterations,verified,annotated_contract,status
1,333.15587544441223,10,False,,[]
2,315.69847989082336,10,False,,[]
3,327.7812988758087,10,False,,[]
4,356.4943232536316,10,False,,[]
5,390.61189794540405,10,False,,[]
6,358.48251938819885,10,False,,[]
7,319.5460376739502,10,False,,[]
8,364.29228949546814,10,False,,[]
9,347.2348401546478,10,False,,[]
10,335.3313639163971,10,False,,[]
