run,time_taken,iterations,verified,annotated_contract,status
1,272.0195016860962,10,False,,[]
2,585.6159417629242,10,False,,[]
3,256.9151418209076,10,False,,[]
4,254.00265455245972,10,False,,[]
5,487.9226002693176,10,False,,[]
6,462.26770997047424,10,False,,[]
7,266.73504877090454,10,False,,[]
8,254.86542987823486,10,False,,[]
9,235.28756880760193,10,False,,[]
10,387.48489689826965,10,False,,[]
