run,time_taken,iterations,verified,annotated_contract,status
1,35.28396201133728,1,False,,[]
2,161.77447867393494,10,False,,[]
3,231.23921704292297,10,False,,[]
4,192.14279747009277,10,False,,[]
5,227.71245169639587,10,False,,[]
6,252.03504824638367,10,False,,[]
7,246.87507009506226,10,False,,[]
8,230.19823241233826,10,False,,[]
9,221.1943917274475,10,False,,[]
10,252.05511832237244,10,False,,[]
