run,time_taken,iterations,verified,annotated_contract,status
1,289.08729910850525,10,False,,[]
2,210.02134680747986,10,False,,[]
3,203.0445418357849,10,False,,[]
4,213.01775479316711,10,False,,[]
5,188.40749263763428,10,False,,[]
6,175.61811900138855,10,False,,[]
7,302.8848731517792,10,False,,[]
8,256.14738392829895,10,False,,[]
9,229.2614724636078,10,False,,[]
10,315.51475620269775,10,False,,[]
