run,time_taken,iterations,verified,annotated_contract,status
1,163.88350319862366,10,False,,[]
2,159.2043855190277,10,False,,[]
3,164.84951305389404,10,False,,[]
4,217.4211061000824,10,False,,[]
5,172.73063015937805,10,False,,[]
6,121.07467532157898,10,False,,[]
7,104.60811185836792,4,False,,[]
8,184.0381519794464,10,False,,[]
9,126.68067407608032,10,False,,[]
10,132.15745210647583,10,False,,[]
