run,time_taken,iterations,verified,annotated_contract,status
1,308.20205330848694,10,False,,[]
2,265.3504328727722,10,False,,[]
3,239.29671597480774,10,False,,[]
4,283.88023257255554,10,False,,[]
5,274.5370442867279,10,False,,[]
6,250.60594129562378,10,False,,[]
7,415.268342256546,10,False,,[]
8,286.36031675338745,10,False,,[]
9,269.91062808036804,10,False,,[]
10,345.8284707069397,10,False,,[]
