run,time_taken,iterations,verified,annotated_contract,status
1,221.79938101768494,10,False,,[]
2,179.71463871002197,10,False,,[]
3,214.80572152137756,10,False,,[]
4,215.3047125339508,10,False,,[]
5,208.31380677223206,10,False,,[]
6,254.6204957962036,10,False,,[]
7,234.51799845695496,10,False,,[]
8,222.509295463562,10,False,,[]
9,212.43800568580627,10,False,,[]
10,231.36240315437317,10,False,,[]
