run,time_taken,iterations,verified,annotated_contract,status
1,192.54069757461548,10,False,,[]
2,184.48759865760803,10,False,,[]
3,192.32571172714233,10,False,,[]
4,164.6236777305603,10,False,,[]
5,184.55836868286133,10,False,,[]
6,143.29666662216187,10,False,,[]
7,163.72566151618958,10,False,,[]
8,194.45371675491333,10,False,,[]
9,191.01710414886475,10,False,,[]
10,189.75972080230713,10,False,,[]
