run,time_taken,iterations,verified,annotated_contract,status
1,483.520788192749,10,False,,[]
2,270.72991943359375,10,False,,[]
3,250.23566794395447,10,False,,[]
4,261.93534898757935,10,False,,[]
5,582.3088729381561,10,False,,[]
6,265.8230137825012,10,False,,[]
7,288.91961693763733,10,False,,[]
8,484.1551649570465,10,False,,[]
9,248.79274010658264,10,False,,[]
10,264.46435475349426,10,False,,[]
