run,time_taken,iterations,verified,annotated_contract,status
1,190.9716181755066,10,False,,[]
2,211.27800297737122,10,False,,[]
3,241.16200947761536,10,False,,[]
4,228.77307510375977,10,False,,[]
5,204.5626254081726,7,False,,[]
6,163.77726221084595,10,False,,[]
7,370.29520773887634,10,False,,[]
8,238.95162749290466,10,False,,[]
9,205.473060131073,10,False,,[]
10,220.21429300308228,10,False,,[]
