run,time_taken,iterations,verified,annotated_contract,status
1,296.9879424571991,10,False,,[]
2,322.4642159938812,10,False,,[]
3,324.2119960784912,10,False,,[]
4,322.36015725135803,10,False,,[]
5,332.45979952812195,10,False,,[]
6,286.2401258945465,10,False,,[]
7,278.4114565849304,10,False,,[]
8,346.8132948875427,10,False,,[]
9,438.7319645881653,10,False,,[]
10,347.5188076496124,10,False,,[]
