run,time_taken,iterations,verified,annotated_contract,status
1,489.1414420604706,10,False,,[]
2,484.2903826236725,10,False,,[]
3,496.3863859176636,10,False,,[]
4,523.0012581348419,10,False,,[]
5,487.9111099243164,10,False,,[]
6,473.11308002471924,10,False,,[]
7,458.0334084033966,10,False,,[]
8,481.39177918434143,10,False,,[]
9,533.8681235313416,10,False,,[]
10,517.941356420517,10,False,,[]
