run,time_taken,iterations,verified,annotated_contract,status
1,14.741263151168823,0,False,,[]
2,157.77337956428528,9,False,,[]
3,17.08369755744934,0,False,,[]
4,141.63868761062622,0,False,,[]
5,11.52048659324646,0,False,,[]
6,14.997105121612549,0,False,,[]
7,10.595629930496216,0,False,,[]
8,156.46243333816528,10,False,,[]
9,10.442790985107422,0,False,,[]
10,52.27421474456787,0,False,,[]
