run,time_taken,iterations,verified,annotated_contract,status
1,156.72214341163635,10,False,,[]
2,191.30813550949097,10,False,,[]
3,192.80041670799255,10,False,,[]
4,175.49957180023193,10,False,,[]
5,158.86217069625854,10,False,,[]
6,145.38291573524475,10,False,,[]
7,165.45072603225708,10,False,,[]
8,140.63694405555725,10,False,,[]
9,172.2620210647583,10,False,,[]
10,179.65077829360962,10,False,,[]
