run,time_taken,iterations,verified,annotated_contract,status
1,198.41229701042175,10,False,,[]
2,215.7688422203064,10,False,,[]
3,265.4639732837677,10,False,,[]
4,185.09594583511353,10,False,,[]
5,222.14435815811157,10,False,,[]
6,198.67057251930237,10,False,,[]
7,244.12962365150452,10,False,,[]
8,192.2541139125824,10,False,,[]
9,119.23168683052063,5,False,,[]
10,175.68658351898193,10,False,,[]
