run,time_taken,iterations,verified,annotated_contract,status
1,185.5490038394928,10,False,,[]
2,240.2309284210205,10,False,,[]
3,284.2326023578644,10,False,,[]
4,242.77292156219482,10,False,,[]
5,267.03334188461304,10,False,,[]
6,291.8214521408081,10,False,,[]
7,267.27907514572144,10,False,,[]
8,244.19440698623657,10,False,,[]
9,247.06417179107666,10,False,,[]
10,257.94897985458374,10,False,,[]
