run,time_taken,iterations,verified,annotated_contract,status
1,207.75545024871826,10,False,,[]
2,221.47221279144287,10,False,,[]
3,97.63528323173523,4,False,,[]
4,197.73024940490723,10,False,,[]
5,227.63749814033508,10,False,,[]
6,36.30191922187805,1,False,,[]
7,230.24275755882263,10,False,,[]
8,228.18116450309753,10,False,,[]
9,85.43495559692383,3,False,,[]
10,214.2747323513031,10,False,,[]
