run,time_taken,iterations,verified,annotated_contract,status
1,571.897999048233,10,False,,[]
2,443.2504723072052,10,False,,[]
3,507.23853874206543,10,False,,[]
4,447.36580991744995,10,False,,[]
5,500.34135341644287,10,False,,[]
6,456.1249554157257,10,False,,[]
7,472.33163952827454,10,False,,[]
8,491.1399025917053,10,False,,[]
9,480.97396874427795,10,False,,[]
10,474.49593472480774,10,False,,[]
